"﻿Column1";"Column2"
"Humidity: 2073.60 %";" Temp: 1075.50 Celsius"
"Humidity: 2073.60 %";" Temp: 1075.60 Celsius"
"Humidity: 2022.40 %";" Temp: 1075.60 Celsius"
"Humidity: 2022.40 %";" Temp: 1075.50 Celsius"
"Humidity: 1996.80 %";" Temp: 1075.50 Celsius"
"Humidity: 1971.20 %";" Temp: 1075.40 Celsius"
"Humidity: 1945.60 %";" Temp: 1075.50 Celsius"
"Humidity: 1920.00 %";" Temp: 1075.40 Celsius"
"Humidity: 1894.40 %";" Temp: 1075.40 Celsius"
"Humidity: 1894.40 %";" Temp: 1075.40 Celsius"
"Humidity: 1868.80 %";" Temp: 1075.40 Celsius"
"Humidity: 1868.80 %";" Temp: 1075.40 Celsius"
"Humidity: 1843.20 %";" Temp: 1075.30 Celsius"
"Humidity: 1843.20 %";" Temp: 1075.30 Celsius"
"Humidity: 1843.20 %";" Temp: 1075.30 Celsius"
"Humidity: 1817.60 %";" Temp: 1075.30 Celsius"
"Humidity: 1817.60 %";" Temp: 1075.30 Celsius"
"Humidity: 1817.60 %";" Temp: 1075.30 Celsius"
"Humidity: 1817.60 %";" Temp: 1075.40 Celsius"
"Humidity: 1792.00 %";" Temp: 1075.30 Celsius"
"Humidity: 1792.00 %";" Temp: 1075.30 Celsius"
"Humidity: 1792.00 %";" Temp: 1075.20 Celsius"
"Humidity: 1792.00 %";" Temp: 1075.30 Celsius"
"Humidity: 1792.00 %";" Temp: 1075.30 Celsius"
"Humidity: 1792.00 %";" Temp: 1075.30 Celsius"
"Humidity: 1766.40 %";" Temp: 1075.30 Celsius"
"Humidity: 1766.40 %";" Temp: 1075.30 Celsius"
"Humidity: 1766.40 %";" Temp: 1075.30 Celsius"
"Humidity: 1766.40 %";" Temp: 1075.30 Celsius"
"Humidity: 1766.40 %";" Temp: 1075.30 Celsius"
"Humidity: 1766.40 %";" Temp: 1075.30 Celsius"
"Humidity: 1766.40 %";" Temp: 1075.40 Celsius"
"Humidity: 1766.40 %";" Temp: 1075.30 Celsius"
"Humidity: 1766.40 %";" Temp: 1075.40 Celsius"
"Humidity: 1766.40 %";" Temp: 1075.20 Celsius"
"Humidity: 1766.40 %";" Temp: 1075.30 Celsius"
"Humidity: 1740.80 %";" Temp: 1075.20 Celsius"
"Humidity: 1740.80 %";" Temp: 1075.30 Celsius"
"Humidity: 1740.80 %";" Temp: 1075.20 Celsius"
"Humidity: 1766.40 %";" Temp: 1075.30 Celsius"
"Humidity: 1740.80 %";" Temp: 1075.20 Celsius"
"Humidity: 1740.80 %";" Temp: 1075.20 Celsius"
"Humidity: 1740.80 %";" Temp: 1075.20 Celsius"
"Humidity: 1740.80 %";" Temp: 1075.20 Celsius"
"Humidity: 1740.80 %";" Temp: 1075.30 Celsius"
"Humidity: 1740.80 %";" Temp: 1075.20 Celsius"
"Humidity: 1740.80 %";" Temp: 1075.20 Celsius"
"Humidity: 1740.80 %";" Temp: 1075.30 Celsius"
"Humidity: 1740.80 %";" Temp: 1075.20 Celsius"
